<?xml version="1.0" encoding="utf-8"?>
<browserconfig>
    <msapplication>
        <tile>
            <square70x70logo src="http://aramb.aramservices.com/seedsusa/favicon/mstile-70x70.png"/>
            <square150x150logo src="http://aramb.aramservices.com/seedsusa/favicon/mstile-150x150.png"/>
            <square310x310logo src="http://aramb.aramservices.com/seedsusa/favicon/mstile-310x310.png"/>
            <wide310x150logo src="http://aramb.aramservices.com/seedsusa/favicon/mstile-310x150.png"/>
            <TileColor>#ede9de</TileColor>
        </tile>
    </msapplication>
</browserconfig>
